{
  "name": "BloomScoreScreen",
  "elements": [
    {
      "type": "text",
      "text": "\ud83c\udf3f Your Bloom Score",
      "style": "subheader"
    },
    {
      "type": "text",
      "text": "Score based on habits and mood."
    },
    {
      "type": "bar_chart",
      "labels": [
        "Mood",
        "Habits",
        "Reflection"
      ],
      "values": [
        80,
        65,
        70
      ]
    },
    {
      "type": "button",
      "text": "Back",
      "action": "go_to",
      "target": "HomeScreen"
    }
  ]
}