{
  "name": "HomeScreen",
  "elements": [
    {
      "type": "text",
      "text": "\ud83c\udf3c Daily Bloom",
      "style": "header"
    },
    {
      "type": "button",
      "text": "Track Mood",
      "action": "go_to",
      "target": "MoodScreen"
    },
    {
      "type": "button",
      "text": "View Habits",
      "action": "go_to",
      "target": "HabitScreen"
    },
    {
      "type": "button",
      "text": "Today\u2019s Bloom Tip",
      "action": "run_logic",
      "target": "BloomTipLogic"
    },
    {
      "type": "button",
      "text": "Journal",
      "action": "go_to",
      "target": "JournalScreen"
    },
    {
      "type": "button",
      "text": "Bloom Score",
      "action": "go_to",
      "target": "BloomScoreScreen"
    },
    {
      "type": "button",
      "text": "AI Coach",
      "action": "go_to",
      "target": "AICoachScreen"
    },
    {
      "type": "button",
      "text": "Themes",
      "action": "go_to",
      "target": "ThemeScreen"
    },
    {
      "type": "button",
      "text": "Audio Content",
      "action": "go_to",
      "target": "AudioScreen"
    },
    {
      "type": "button",
      "text": "Relaxation Zone",
      "action": "go_to",
      "target": "RelaxationScreen"
    }
  ]
}