{
  "name": "MindfulReadingScreen",
  "elements": [
    {
      "type": "text",
      "text": "\ud83d\udcd6 Mindful Reading",
      "style": "subheader"
    },
    {
      "type": "text",
      "text": "\u201cBe like a tree. Stay grounded, connect with your roots, turn over a new leaf, bend before you break, enjoy your unique beauty, and keep growing.\u201d"
    },
    {
      "type": "text",
      "text": "\u201cWorrying does not take away tomorrow's troubles. It takes away today\u2019s peace.\u201d"
    },
    {
      "type": "button",
      "text": "Back",
      "action": "go_to",
      "target": "RelaxationScreen"
    }
  ]
}