{
  "name": "NatureSoundsScreen",
  "elements": [
    {
      "type": "text",
      "text": "\ud83c\udf3f Nature Sounds",
      "style": "subheader"
    },
    {
      "type": "audio",
      "url": "https://example.com/rain.mp3",
      "title": "Rainfall"
    },
    {
      "type": "audio",
      "url": "https://example.com/ocean.mp3",
      "title": "Ocean Waves"
    },
    {
      "type": "audio",
      "url": "https://example.com/forest.mp3",
      "title": "Forest Birds"
    },
    {
      "type": "button",
      "text": "Back",
      "action": "go_to",
      "target": "RelaxationScreen"
    }
  ]
}