{
  "name": "RelaxationScreen",
  "elements": [
    {
      "type": "text",
      "text": "\ud83e\uddd8 Relaxation Zone",
      "style": "header"
    },
    {
      "type": "text",
      "text": "Choose a way to relax today:",
      "style": "subheader"
    },
    {
      "type": "button",
      "text": "\ud83e\uddd8\u200d\u2640\ufe0f 5-Minute Guided Meditation",
      "action": "play_audio",
      "target": "https://example.com/guided-meditation.mp3"
    },
    {
      "type": "button",
      "text": "\ud83c\udf2c\ufe0f Breathing Exercise",
      "action": "go_to",
      "target": "BreathingExerciseScreen"
    },
    {
      "type": "button",
      "text": "\ud83c\udf0a Nature Sounds",
      "action": "go_to",
      "target": "NatureSoundsScreen"
    },
    {
      "type": "button",
      "text": "\ud83d\udcd6 Mindful Reading",
      "action": "go_to",
      "target": "MindfulReadingScreen"
    },
    {
      "type": "button",
      "text": "Back",
      "action": "go_to",
      "target": "HomeScreen"
    }
  ]
}